"tiempo","visitas"
2022,191
2022.08333333333,208
2022.16666666667,168
2022.25,220
2022.33333333333,232
2022.41666666667,334
2022.5,192
2022.58333333333,235
2022.66666666667,211
2022.75,152
2022.83333333333,632
2022.91666666667,609
2023,630
2023.08333333333,609
2023.16666666667,529
2023.25,534
2023.33333333333,475
2023.41666666667,484
2023.5,586
2023.58333333333,373
2023.66666666667,709
2023.75,813
2023.83333333333,877
2023.91666666667,800
